instance_name,method,generator,use_time_windows,initial_routes,initial_distance,final_routes,final_distance,delta_routes,delta_distance,distance_improvement_pct,runtime_seconds,history_length,param_fill_ratio,param_seed,param_sa_initial_temp,param_sa_cooling_rate,param_sa_min_temp,param_sa_iterations_per_temp,param_sa_p_relocate,param_sa_p_exchange,param_tabu_tenure,param_tabu_max_iterations,param_tabu_max_no_improve,param_tabu_no_2opt
data1202.vrp,sa,random,True,34,5400.139156373258,6,1140.5240752617995,28,4259.6150811114585,78.87972805449375,118.72023080000145,105156,0.75,1,200,0.98,0.001,1000,0.7,0.1,10,200,50,False
data1202.vrp,sa,random,True,34,5400.139156373258,5,1159.3169891153689,29,4240.822167257889,78.53172009933968,131.5034456000012,100187,0.75,1,200,0.98,0.001,1000,0.7,0.2,10,200,50,False
data1202.vrp,sa,random,True,34,5400.139156373258,5,1193.575568783951,29,4206.563587589307,77.897318305672,133.19740719999936,102141,0.75,1,200,0.98,0.001,1000,0.8,0.1,10,200,50,False
data1202.vrp,sa,random,True,34,5400.139156373258,6,1259.8081670322713,28,4140.330989340986,76.67082031496462,124.11524740000095,95636,0.75,1,200,0.98,0.001,1000,0.8,0.2,10,200,50,False
data1202.vrp,sa,random,True,34,5400.139156373258,7,1157.9077976056024,27,4242.231358767655,78.5578155659371,136.34571669999968,157314,0.75,1,200,0.98,0.001,1500,0.7,0.1,10,200,50,False
data1202.vrp,sa,random,True,34,5400.139156373258,6,1172.1797611262264,28,4227.959395247031,78.29352675582783,166.74734249999892,151495,0.75,1,200,0.98,0.001,1500,0.7,0.2,10,200,50,False
data1202.vrp,sa,random,True,34,5400.139156373258,6,1151.4605381963602,28,4248.6786181768975,78.67720618204062,171.4975951999986,152067,0.75,1,200,0.98,0.001,1500,0.8,0.1,10,200,50,False
data1202.vrp,sa,random,True,34,5400.139156373258,6,1179.879735928593,28,4220.259420444665,78.15093830431951,193.92662290000044,144905,0.75,1,200,0.98,0.001,1500,0.8,0.2,10,200,50,False
data1202.vrp,sa,random,True,34,5400.139156373258,6,1170.0495488604165,28,4230.089607512841,78.33297411457406,213.3373606999994,212532,0.75,1,200,0.98,0.001,2000,0.7,0.1,10,200,50,False
data1202.vrp,sa,random,True,34,5400.139156373258,6,1163.7587346561497,28,4236.380421717108,78.44946767190844,260.6467154999991,203181,0.75,1,200,0.98,0.001,2000,0.7,0.2,10,200,50,False
data1202.vrp,sa,random,True,34,5400.139156373258,5,1166.6789416678375,29,4233.46021470542,78.39539115782007,258.39860749999934,202919,0.75,1,200,0.98,0.001,2000,0.8,0.1,10,200,50,False
data1202.vrp,sa,random,True,34,5400.139156373258,5,1235.1459960504958,29,4164.9931603227615,77.12751541610231,253.49451799999952,193825,0.75,1,200,0.98,0.001,2000,0.8,0.2,10,200,50,False
data1202.vrp,sa,random,True,34,5400.139156373258,5,1162.8025379607232,29,4237.336618412534,78.46717456181882,342.36949899999854,317634,0.75,1,200,0.98,0.001,3000,0.7,0.1,10,200,50,False
data1202.vrp,sa,random,True,34,5400.139156373258,6,1206.2735357051663,28,4193.865620668092,77.66217682961893,141.52416359999916,139913,0.75,1,200,0.985,0.001,1000,0.7,0.1,10,200,50,False
data1202.vrp,sa,random,True,34,5400.139156373258,6,1190.1614655297092,28,4209.977690843549,77.96054081078489,122.81843579999986,135111,0.75,1,200,0.985,0.001,1000,0.7,0.2,10,200,50,False
data1202.vrp,sa,random,True,34,5400.139156373258,6,1236.0396704723419,28,4164.099485900916,77.11096631623715,148.59934930000054,135979,0.75,1,200,0.985,0.001,1000,0.8,0.1,10,200,50,False
data1202.vrp,sa,random,True,34,5400.139156373258,5,1196.4223374781557,29,4203.716818895102,77.84460172538081,401.05349430000024,300177,0.75,1,200,0.98,0.001,3000,0.7,0.2,10,200,50,False
data1202.vrp,sa,random,True,34,5400.139156373258,6,1203.127058362927,28,4197.012098010331,77.72044342703664,116.55411540000023,128779,0.75,1,200,0.985,0.001,1000,0.8,0.2,10,200,50,False
data1202.vrp,sa,random,True,34,5400.139156373258,6,1204.2286571321188,28,4195.910499241139,77.7000439755171,359.7687024000006,288423,0.75,1,200,0.98,0.001,3000,0.8,0.2,10,200,50,False
data1202.vrp,sa,random,True,34,5400.139156373258,6,1152.0929436701736,28,4248.046212703084,78.66549527134924,400.8502810000009,304696,0.75,1,200,0.98,0.001,3000,0.8,0.1,10,200,50,False
data1202.vrp,sa,random,True,34,5400.139156373258,6,1175.056906089905,28,4225.082250283353,78.24024766652354,212.20961930000158,210797,0.75,1,200,0.985,0.001,1500,0.7,0.1,10,200,50,False
data1202.vrp,sa,random,True,34,5400.139156373258,6,1189.2548116249534,28,4210.884344748304,77.97733026525081,215.4860480999996,200187,0.75,1,200,0.985,0.001,1500,0.7,0.2,10,200,50,False
data1202.vrp,sa,random,True,34,5400.139156373258,5,1227.523558634017,29,4172.615597739241,77.26866802709536,221.69736310000008,194868,0.75,1,200,0.985,0.001,1500,0.8,0.2,10,200,50,False
data1202.vrp,sa,random,True,34,5400.139156373258,5,1211.4274893125382,29,4188.711667060719,77.56673570378629,265.90209120000145,202935,0.75,1,200,0.985,0.001,1500,0.8,0.1,10,200,50,False
data1202.vrp,sa,random,True,34,5400.139156373258,6,1200.827462631856,28,4199.3116937414015,77.76302743579049,298.7842211999996,283345,0.75,1,200,0.985,0.001,2000,0.7,0.1,10,200,50,False
data1202.vrp,sa,random,True,34,5400.139156373258,6,1140.563350025843,28,4259.575806347415,78.87900076279058,267.8621940999983,267678,0.75,1,200,0.985,0.001,2000,0.7,0.2,10,200,50,False
data1202.vrp,sa,random,True,34,5400.139156373258,8,3199.013690723748,26,2201.12546564951,40.760532310574554,19.746097100000043,59004,0.75,1,200,0.99,0.001,1000,0.7,0.2,10,200,50,False
data1202.vrp,sa,random,True,34,5400.139156373258,8,3016.9627221349456,26,2383.176434238312,44.131759668187094,36.39917719999903,110491,0.75,1,200,0.99,0.001,1000,0.7,0.1,10,200,50,False
data1202.vrp,sa,random,True,34,5400.139156373258,6,1224.2987862805899,28,4175.840370092668,77.32838449476493,280.48717810000016,257755,0.75,1,200,0.985,0.001,2000,0.8,0.2,10,200,50,False
data1202.vrp,sa,random,True,34,5400.139156373258,6,1186.311960742027,28,4213.827195631231,78.03182609948229,304.737637799999,272286,0.75,1,200,0.985,0.001,2000,0.8,0.1,10,200,50,False
data1202.vrp,sa,random,True,34,5400.139156373258,7,3005.1652644326578,27,2394.9738919406,44.350225477320265,46.55809560000125,129752,0.75,1,200,0.99,0.001,1500,0.7,0.1,10,200,50,False
data1202.vrp,sa,random,True,34,5400.139156373258,5,1258.3052717754647,29,4141.833884597793,76.69865099142103,164.1272011000001,192994,0.75,1,200,0.99,0.001,1000,0.8,0.2,10,200,50,False
data1202.vrp,sa,random,True,34,5400.139156373258,6,1168.3783937059882,28,4231.76076266727,78.36392063476615,194.90321509999922,203362,0.75,1,200,0.99,0.001,1000,0.8,0.1,10,200,50,False
data1202.vrp,sa,random,True,34,5400.139156373258,8,3157.41272021195,26,2242.726436161308,41.5309008012217,39.30786210000042,115443,0.75,1,200,0.99,0.001,1500,0.8,0.2,10,200,50,False
data1202.vrp,sa,random,True,34,5400.139156373258,5,1155.4009857242509,29,4244.738170649007,78.60423681192283,436.7880262999988,421648,0.75,1,200,0.985,0.001,3000,0.7,0.1,10,200,50,False
data1202.vrp,sa,random,True,34,5400.139156373258,5,1224.8322086956846,29,4175.306947677573,77.31850655644429,404.1148033999998,385323,0.75,1,200,0.985,0.001,3000,0.8,0.2,10,200,50,False
data1202.vrp,sa,random,True,34,5400.139156373258,5,1167.5867529201626,29,4232.552403453095,78.37858027154405,577.5757728000008,406226,0.75,1,200,0.985,0.001,3000,0.7,0.2,10,200,50,False
data1202.vrp,sa,random,True,34,5400.139156373258,6,1152.6483807126222,28,4247.490775660635,78.65520966524976,342.36061710000104,303856,0.75,1,200,0.99,0.001,1500,0.7,0.2,10,200,50,False
data1202.vrp,sa,random,True,34,5400.139156373258,6,1150.9093478233726,28,4249.229808549885,78.68741314813958,321.6929401000016,304219,0.75,1,200,0.99,0.001,1500,0.8,0.1,10,200,50,False
data1202.vrp,sa,random,True,34,5400.139156373258,5,1169.7009671188066,29,4230.438189254452,78.33942916566654,574.1305721999997,411897,0.75,1,200,0.985,0.001,3000,0.8,0.1,10,200,50,False
data1202.vrp,sa,random,True,34,5400.139156373258,6,1159.2191249526534,28,4240.920031420605,78.53353235194801,351.65666359999886,404253,0.75,1,200,0.99,0.001,2000,0.7,0.2,10,200,50,False
data1202.vrp,sa,random,True,34,5400.139156373258,6,1224.5405477954341,28,4175.598608577824,77.32390754504488,317.3549571000003,385579,0.75,1,200,0.99,0.001,2000,0.8,0.2,10,200,50,False
data1202.vrp,sa,random,True,34,5400.139156373258,5,1142.8716121520677,29,4257.26754422119,78.83625626937321,448.19436289999976,424871,0.75,1,200,0.99,0.001,2000,0.7,0.1,10,200,50,False
data1202.vrp,sa,random,True,34,5400.139156373258,6,1202.0455292427835,28,4198.0936271304745,77.74047122796593,103.15605880000112,115546,0.75,1,250,0.98,0.001,1000,0.7,0.1,10,200,50,False
data1202.vrp,sa,random,True,34,5400.139156373258,5,1132.2062563718514,29,4267.932900001406,79.0337577683416,464.6336264999991,406260,0.75,1,200,0.99,0.001,2000,0.8,0.1,10,200,50,False
data1202.vrp,sa,random,True,34,5400.139156373258,6,1168.977768171031,28,4231.161388202227,78.35282139365981,107.642482199999,112060,0.75,1,250,0.98,0.001,1000,0.8,0.1,10,200,50,False
data1202.vrp,sa,random,True,34,5400.139156373258,5,1191.4753942056093,29,4208.663762167648,77.9362094252807,142.50394030000098,110160,0.75,1,250,0.98,0.001,1000,0.7,0.2,10,200,50,False
data1202.vrp,sa,random,True,34,5400.139156373258,5,1213.360915227078,29,4186.778241146179,77.53093244282294,128.8604481000002,107299,0.75,1,250,0.98,0.001,1000,0.8,0.2,10,200,50,False
data1202.vrp,sa,random,True,34,5400.139156373258,5,1161.8637016587052,29,4238.275454714552,78.48455997124682,188.55781510000088,173387,0.75,1,250,0.98,0.001,1500,0.7,0.1,10,200,50,False
data1202.vrp,sa,random,True,34,5400.139156373258,6,1146.2655639290515,28,4253.873592444206,78.77340693014871,199.20238869999957,165238,0.75,1,250,0.98,0.001,1500,0.7,0.2,10,200,50,False
data1202.vrp,sa,random,True,34,5400.139156373258,6,1272.761854992468,28,4127.3773013807895,76.4309433861468,172.75151619999997,159307,0.75,1,250,0.98,0.001,1500,0.8,0.2,10,200,50,False
data1202.vrp,sa,random,True,34,5400.139156373258,6,1152.0398303367847,28,4248.099326036473,78.66647882625128,195.92260329999954,167542,0.75,1,250,0.98,0.001,1500,0.8,0.1,10,200,50,False
data1202.vrp,sa,random,True,34,5400.139156373258,5,1164.1952469661624,29,4235.943909407095,78.44138431891747,621.6568782000013,635653,0.75,1,200,0.99,0.001,3000,0.7,0.1,10,200,50,False
data1202.vrp,sa,random,True,34,5400.139156373258,6,1200.3027792661676,28,4199.83637710709,77.77274354403318,576.4364764999991,579236,0.75,1,200,0.99,0.001,3000,0.8,0.2,10,200,50,False
data1202.vrp,sa,random,True,34,5400.139156373258,6,1165.5965178585025,28,4234.542638514755,78.41543552664078,205.11505849999958,220985,0.75,1,250,0.98,0.001,2000,0.7,0.2,10,200,50,False
data1202.vrp,sa,random,True,34,5400.139156373258,6,1208.925545822515,28,4191.2136105507425,77.61306679670027,248.11970600000132,232053,0.75,1,250,0.98,0.001,2000,0.7,0.1,10,200,50,False
data1202.vrp,sa,random,True,34,5400.139156373258,5,1145.2421183871945,29,4254.897037986063,78.79235913697562,742.2458733999993,613778,0.75,1,200,0.99,0.001,3000,0.8,0.1,10,200,50,False
data1202.vrp,sa,random,True,34,5400.139156373258,5,1169.4437658672289,29,4230.695390506029,78.34419202906933,767.5796890999991,612045,0.75,1,200,0.99,0.001,3000,0.7,0.2,10,200,50,False
data1202.vrp,sa,random,True,34,5400.139156373258,6,1131.360060117376,28,4268.779096255882,79.04942766554188,236.45563380000021,224585,0.75,1,250,0.98,0.001,2000,0.8,0.1,10,200,50,False
data1202.vrp,sa,random,True,34,5400.139156373258,6,1223.7093181147961,28,4176.429838258462,77.3393002906125,254.7604023999993,215380,0.75,1,250,0.98,0.001,2000,0.8,0.2,10,200,50,False
data1202.vrp,sa,random,True,34,5400.139156373258,6,1203.5668038392707,28,4196.572352533987,77.71230020213798,152.39629069999864,155289,0.75,1,250,0.985,0.001,1000,0.7,0.1,10,200,50,False
data1202.vrp,sa,random,True,34,5400.139156373258,6,1236.3637678677992,28,4163.775388505459,77.10496466727827,121.4516793999992,141392,0.75,1,250,0.985,0.001,1000,0.8,0.2,10,200,50,False
data1202.vrp,sa,random,True,34,5400.139156373258,5,1166.174184220163,29,4233.964972153095,78.40473827708975,335.40372600000046,344711,0.75,1,250,0.98,0.001,3000,0.7,0.1,10,200,50,False
data1202.vrp,sa,random,True,34,5400.139156373258,6,1155.4089624365645,28,4244.7301939366935,78.60408909883465,170.9182481000007,149500,0.75,1,250,0.985,0.001,1000,0.7,0.2,10,200,50,False
data1202.vrp,sa,random,True,34,5400.139156373258,5,1150.3958959010108,29,4249.743260472247,78.69692127205073,162.89952260000064,147817,0.75,1,250,0.985,0.001,1000,0.8,0.1,10,200,50,False
data1202.vrp,sa,random,True,34,5400.139156373258,5,1161.06006237953,29,4239.079093993728,78.49944179662029,464.5604708999999,331826,0.75,1,250,0.98,0.001,3000,0.7,0.2,10,200,50,False
data1202.vrp,sa,random,True,34,5400.139156373258,6,1164.9784014891654,28,4235.160754884092,78.42688183110512,203.25693619999947,232010,0.75,1,250,0.985,0.001,1500,0.7,0.1,10,200,50,False
data1202.vrp,sa,random,True,34,5400.139156373258,8,3053.322032761531,26,2346.817123611727,43.45845645184916,40.88477830000011,121712,0.75,1,250,0.985,0.001,2000,0.7,0.2,10,200,50,False
data1202.vrp,sa,random,True,34,5400.139156373258,6,1216.9947964155872,28,4183.1443599576705,77.46364008084335,205.13317239999924,213249,0.75,1,250,0.985,0.001,1500,0.8,0.2,10,200,50,False
data1202.vrp,sa,random,True,34,5400.139156373258,6,1141.9271577811433,28,4258.2119985921145,78.85374571443334,213.01996050000162,225191,0.75,1,250,0.985,0.001,1500,0.8,0.1,10,200,50,False
data1202.vrp,sa,random,True,34,5400.139156373258,5,1118.671786269587,29,4281.467370103671,79.28438964486077,425.55613240000093,335524,0.75,1,250,0.98,0.001,3000,0.8,0.1,10,200,50,False
data1202.vrp,sa,random,True,34,5400.139156373258,6,1145.1352636310394,28,4255.003892742218,78.79433787776473,231.05236570000125,223408,0.75,1,250,0.985,0.001,1500,0.7,0.2,10,200,50,False
data1202.vrp,sa,random,True,34,5400.139156373258,5,1227.6606836717272,29,4172.47847270153,77.26612873998184,473.4830942000008,325322,0.75,1,250,0.98,0.001,3000,0.8,0.2,10,200,50,False
data1202.vrp,sa,random,True,34,5400.139156373258,5,1232.1043072350033,29,4168.034849138255,77.18384153525247,367.02581999999893,316426,0.75,1,250,0.985,0.001,2000,0.7,0.1,10,200,50,False
data1202.vrp,sa,random,True,34,5400.139156373258,5,1177.132943411335,29,4223.006212961923,78.20180352163555,214.96697179999865,232840,0.75,1,250,0.99,0.001,1000,0.7,0.1,10,200,50,False
data1202.vrp,sa,random,True,34,5400.139156373258,6,1210.1520157441305,28,4189.987140629128,77.5903549760212,333.5037740000007,285623,0.75,1,250,0.985,0.001,2000,0.8,0.2,10,200,50,False
data1202.vrp,sa,random,True,34,5400.139156373258,5,1192.260134067316,29,4207.879022305942,77.92167758010075,344.1139307000012,299093,0.75,1,250,0.985,0.001,2000,0.8,0.1,10,200,50,False
data1202.vrp,sa,random,True,34,5400.139156373258,5,1179.7270080173412,29,4220.4121483559165,78.1537665260899,396.18514329999925,443715,0.75,1,250,0.985,0.001,3000,0.7,0.2,10,200,50,False
data1202.vrp,sa,random,True,34,5400.139156373258,5,1147.4817126299508,29,4252.657443743306,78.75088623826127,407.0846744999999,446806,0.75,1,250,0.985,0.001,3000,0.8,0.1,10,200,50,False
data1202.vrp,sa,random,True,34,5400.139156373258,6,1137.6550387108905,28,4262.484117662367,78.93285699187533,435.7789847999993,466684,0.75,1,250,0.985,0.001,3000,0.7,0.1,10,200,50,False
data1202.vrp,sa,random,True,34,5400.139156373258,5,1168.0775300646148,29,4232.061626308643,78.36949204010703,278.1305285999988,222736,0.75,1,250,0.99,0.001,1000,0.7,0.2,10,200,50,False
data1202.vrp,sa,random,True,34,5400.139156373258,5,1267.41385485175,29,4132.725301521507,76.5299778737008,438.5655590000006,429121,0.75,1,250,0.985,0.001,3000,0.8,0.2,10,200,50,False
data1202.vrp,sa,random,True,34,5400.139156373258,6,1294.4360795640819,28,4105.703076809175,76.029579200077,144.9803506999997,212245,0.75,1,250,0.99,0.001,1000,0.8,0.2,10,200,50,False
data1202.vrp,sa,random,True,34,5400.139156373258,5,1151.2378209059805,29,4248.901335467277,78.68133047002526,194.0509208000003,223355,0.75,1,250,0.99,0.001,1000,0.8,0.1,10,200,50,False
data1202.vrp,sa,random,True,34,5400.139156373258,7,3013.868812262791,27,2386.270344110467,44.18905281902198,59.762628000000404,163163,0.75,1,250,0.99,0.001,1500,0.8,0.1,10,200,50,False
data1202.vrp,sa,random,True,34,5400.139156373258,8,3279.974420821156,26,2120.164735552102,39.26129816580519,39.64711239999997,124137,0.75,1,250,0.99,0.001,2000,0.7,0.2,10,200,50,False
data1202.vrp,sa,random,True,34,5400.139156373258,7,3066.7205476209897,27,2333.418608752268,43.21034220013315,69.07385900000008,183970,0.75,1,250,0.99,0.001,2000,0.8,0.2,10,200,50,False
data1202.vrp,sa,random,True,34,5400.139156373258,6,1168.5989031650865,28,4231.540253208172,78.35983723149239,330.9094456999992,349787,0.75,1,250,0.99,0.001,1500,0.7,0.1,10,200,50,False
data1202.vrp,sa,random,True,34,5400.139156373258,6,1160.1172620977866,28,4240.021894275471,78.51690061118863,311.8889878000009,334742,0.75,1,250,0.99,0.001,1500,0.7,0.2,10,200,50,False
data1202.vrp,sa,random,True,34,5400.139156373258,6,1200.7289902491834,28,4199.410166124075,77.76485095144113,323.67253100000016,323201,0.75,1,250,0.99,0.001,1500,0.8,0.2,10,200,50,False
data1202.vrp,sa,random,True,34,5400.139156373258,6,1161.3580907812188,28,4238.781065592038,78.49392289436501,104.47598819999985,123696,0.75,1,300,0.98,0.001,1000,0.7,0.1,10,200,50,False
data1202.vrp,sa,random,True,34,5400.139156373258,7,1144.49755081449,27,4255.641605558768,78.80614707004817,112.13308540000071,118747,0.75,1,300,0.98,0.001,1000,0.7,0.2,10,200,50,False
data1202.vrp,sa,random,True,34,5400.139156373258,6,1169.7837144833913,28,4230.355441889867,78.33789684655052,449.0915911000011,451760,0.75,1,250,0.99,0.001,2000,0.8,0.1,10,200,50,False
data1202.vrp,sa,random,True,34,5400.139156373258,6,1220.4860660537215,28,4179.653090319536,77.39898860544545,101.90608650000104,119425,0.75,1,300,0.98,0.001,1000,0.8,0.1,10,200,50,False
data1202.vrp,sa,random,True,34,5400.139156373258,6,1145.0939892352421,28,4255.045167138016,78.79510219873133,519.0917928999988,694511,0.75,1,250,0.99,0.001,3000,0.7,0.1,10,200,50,False
data1202.vrp,sa,random,True,34,5400.139156373258,5,1256.7544867096863,29,4143.384669663572,76.72736849333853,126.83591370000067,115207,0.75,1,300,0.98,0.001,1000,0.8,0.2,10,200,50,False
data1202.vrp,sa,random,True,34,5400.139156373258,4,1175.9926759385392,30,4224.146480434719,78.222919041806,593.970073800001,465983,0.75,1,250,0.99,0.001,2000,0.7,0.1,10,200,50,False
data1202.vrp,sa,random,True,34,5400.139156373258,6,1159.8662276289317,28,4240.272928744326,78.52154927785418,193.75687950000065,188047,0.75,1,300,0.98,0.001,1500,0.7,0.1,10,200,50,False
data1202.vrp,sa,random,True,34,5400.139156373258,6,1154.7455716125055,28,4245.393584760752,78.616373797522,184.22847560000082,180246,0.75,1,300,0.98,0.001,1500,0.7,0.2,10,200,50,False
data1202.vrp,sa,random,True,34,5400.139156373258,5,1226.1690138605595,29,4173.970142512699,77.29375154317215,181.9029773000002,181024,0.75,1,300,0.98,0.001,1500,0.8,0.1,10,200,50,False
data1202.vrp,sa,random,True,34,5400.139156373258,5,1253.6284127023525,29,4146.510743670905,76.78525726095748,215.7933269999994,173362,0.75,1,300,0.98,0.001,1500,0.8,0.2,10,200,50,False
data1202.vrp,sa,random,True,34,5400.139156373258,5,1231.5002048999402,29,4168.638951473317,77.19502832725115,569.3608753999997,642865,0.75,1,250,0.99,0.001,3000,0.8,0.2,10,200,50,False
data1202.vrp,sa,random,True,34,5400.139156373258,6,1162.573542693761,28,4237.565613679497,78.47141510563318,231.66673390000142,248543,0.75,1,300,0.98,0.001,2000,0.7,0.1,10,200,50,False
data1202.vrp,sa,random,True,34,5400.139156373258,5,1229.0292889668888,29,4171.109867406369,77.24078485058324,786.9990228000006,670792,0.75,1,250,0.99,0.001,3000,0.7,0.2,10,200,50,False
data1202.vrp,sa,random,True,34,5400.139156373258,5,1228.4643069590038,29,4171.674849414254,77.25124721074702,195.17855960000088,239879,0.75,1,300,0.98,0.001,2000,0.8,0.1,10,200,50,False
data1202.vrp,sa,random,True,34,5400.139156373258,5,1161.3146144387274,29,4238.82454193453,78.49472799107147,772.6808772000004,675487,0.75,1,250,0.99,0.001,3000,0.8,0.1,10,200,50,False
data1202.vrp,sa,random,True,34,5400.139156373258,8,3213.451107193064,26,2186.6880491801935,40.49317963592584,20.647747799999706,66621,0.75,1,300,0.985,0.001,1000,0.7,0.1,10,200,50,False
data1202.vrp,sa,random,True,34,5400.139156373258,8,3150.2077774280715,26,2249.931378945186,41.664322229359804,29.355459399999745,87846,0.75,1,300,0.985,0.001,1000,0.8,0.1,10,200,50,False
data1202.vrp,sa,random,True,34,5400.139156373258,5,1272.485550516337,29,4127.653605856921,76.43606000385108,298.0356905999997,239893,0.75,1,300,0.98,0.001,2000,0.7,0.2,10,200,50,False
data1202.vrp,sa,random,True,34,5400.139156373258,6,1277.9527063844803,28,4122.186449988778,76.3348189856138,252.71910209999987,230562,0.75,1,300,0.98,0.001,2000,0.8,0.2,10,200,50,False
data1202.vrp,sa,random,True,34,5400.139156373258,6,1216.694501202546,28,4183.4446551707115,77.46920096000488,159.35290580000037,159650,0.75,1,300,0.985,0.001,1000,0.7,0.2,10,200,50,False
data1202.vrp,sa,random,True,34,5400.139156373258,5,1264.7215794154317,29,4135.417576957826,76.57983354145968,144.93399119999958,153187,0.75,1,300,0.985,0.001,1000,0.8,0.2,10,200,50,False
data1202.vrp,sa,random,True,34,5400.139156373258,6,1189.8868883695545,28,4210.252268003704,77.96562544198058,339.3121676999999,373807,0.75,1,300,0.98,0.001,3000,0.7,0.1,10,200,50,False
data1202.vrp,sa,random,True,34,5400.139156373258,6,1167.0698394718631,28,4233.069316901395,78.3881524961355,377.5552583000008,358357,0.75,1,300,0.98,0.001,3000,0.7,0.2,10,200,50,False
data1202.vrp,sa,random,True,34,5400.139156373258,6,1199.5630664719279,28,4200.576089901329,77.78644157611751,361.9656150999999,344642,0.75,1,300,0.98,0.001,3000,0.8,0.2,10,200,50,False
data1202.vrp,sa,random,True,34,5400.139156373258,5,1160.4700756088941,29,4239.669080764364,78.51036719601375,265.1332517999999,251766,0.75,1,300,0.985,0.001,1500,0.7,0.1,10,200,50,False
data1202.vrp,sa,random,True,34,5400.139156373258,6,1139.6303211680413,28,4260.508835205216,78.89627862972667,233.73058969999875,239073,0.75,1,300,0.985,0.001,1500,0.7,0.2,10,200,50,False
data1202.vrp,sa,random,True,34,5400.139156373258,5,1212.2101826851958,29,4187.928973688062,77.55224175557508,230.01576829999976,232409,0.75,1,300,0.985,0.001,1500,0.8,0.2,10,200,50,False
data1202.vrp,sa,random,True,34,5400.139156373258,5,1196.3469724212996,29,4203.792183951959,77.84599733861732,459.7492299000005,362835,0.75,1,300,0.98,0.001,3000,0.8,0.1,10,200,50,False
data1202.vrp,sa,random,True,34,5400.139156373258,5,1202.160615312589,29,4197.978541060669,77.73834005937059,321.38035710000077,244350,0.75,1,300,0.985,0.001,1500,0.8,0.1,10,200,50,False
data1202.vrp,sa,random,True,34,5400.139156373258,6,1182.782591701687,28,4217.356564671571,78.09718310118427,307.78775789999963,333750,0.75,1,300,0.985,0.001,2000,0.7,0.1,10,200,50,False
data1202.vrp,sa,random,True,34,5400.139156373258,7,2807.7807648935595,27,2592.358391479698,48.00539979456252,58.88154829999985,167436,0.75,1,300,0.99,0.001,1000,0.7,0.1,10,200,50,False
data1202.vrp,sa,random,True,34,5400.139156373258,5,1236.0319789273965,29,4164.107177445861,77.11110874858423,357.37274120000075,321921,0.75,1,300,0.985,0.001,2000,0.8,0.1,10,200,50,False
data1202.vrp,sa,random,True,34,5400.139156373258,5,1220.537092272254,29,4179.602064101004,77.39804369982257,403.02730789999987,319262,0.75,1,300,0.985,0.001,2000,0.7,0.2,10,200,50,False
data1202.vrp,sa,random,True,34,5400.139156373258,8,3221.872668792601,26,2178.2664875806568,40.33722881029578,33.23938939999971,97947,0.75,1,300,0.99,0.001,1000,0.8,0.2,10,200,50,False
data1202.vrp,sa,random,True,34,5400.139156373258,5,1210.4746146918342,29,4189.6645416814235,77.58438107537971,372.97503020000113,309164,0.75,1,300,0.985,0.001,2000,0.8,0.2,10,200,50,False
data1202.vrp,sa,random,True,34,5400.139156373258,8,3063.4670253657973,26,2336.6721310074604,43.27059105967138,34.66450630000145,115205,0.75,1,300,0.99,0.001,1500,0.7,0.1,10,200,50,False
data1202.vrp,sa,random,True,34,5400.139156373258,6,1183.7711117218153,28,4216.368044651443,78.07887764661166,194.4646163999987,238300,0.75,1,300,0.99,0.001,1000,0.7,0.2,10,200,50,False
data1202.vrp,sa,random,True,34,5400.139156373258,5,1194.611878129791,29,4205.527278243467,77.87812788639147,508.93754569999874,501784,0.75,1,300,0.985,0.001,3000,0.7,0.1,10,200,50,False
data1202.vrp,sa,random,True,34,5400.139156373258,5,1151.4823857255776,29,4248.65677064768,78.67680160859196,459.86289790000046,479749,0.75,1,300,0.985,0.001,3000,0.7,0.2,10,200,50,False
data1202.vrp,sa,random,True,34,5400.139156373258,7,1168.0662324859957,27,4232.072923887262,78.36970124913465,190.54425230000015,240678,0.75,1,300,0.99,0.001,1000,0.8,0.1,10,200,50,False
data1202.vrp,sa,random,True,34,5400.139156373258,8,3192.379863269232,26,2207.759293104026,40.88337780144837,41.08850710000115,135551,0.75,1,300,0.99,0.001,2000,0.7,0.1,10,200,50,False
data1202.vrp,sa,random,True,34,5400.139156373258,5,1148.6544237862665,29,4251.484732586991,78.72916992461904,504.2771611999997,483116,0.75,1,300,0.985,0.001,3000,0.8,0.1,10,200,50,False
data1202.vrp,sa,random,True,34,5400.139156373258,7,3038.595565353658,27,2361.5435910195997,43.73116178371996,82.04406169999857,220196,0.75,1,300,0.99,0.001,2000,0.7,0.2,10,200,50,False
data1202.vrp,sa,random,True,34,5400.139156373258,5,1213.4851944908735,29,4186.6539618823845,77.5286310342815,510.19027820000156,461939,0.75,1,300,0.985,0.001,3000,0.8,0.2,10,200,50,False
data1202.vrp,sa,random,True,34,5400.139156373258,8,3219.807918666056,26,2180.3312377072016,40.37546393844257,68.87808179999956,208291,0.75,1,300,0.99,0.001,3000,0.8,0.1,10,200,50,False
data1202.vrp,sa,random,True,34,5400.139156373258,6,1177.4435140275186,28,4222.6956423457395,78.19605236213411,316.71397869999964,362561,0.75,1,300,0.99,0.001,1500,0.8,0.1,10,200,50,False
data1202.vrp,sa,random,True,34,5400.139156373258,5,1151.439697438912,29,4248.699458934346,78.67759211204807,360.1755541000002,360711,0.75,1,300,0.99,0.001,1500,0.7,0.2,10,200,50,False
data1202.vrp,sa,random,True,34,5400.139156373258,5,1205.6472209010046,29,4194.491935472253,77.67377495303808,354.36802759999955,344097,0.75,1,300,0.99,0.001,1500,0.8,0.2,10,200,50,False
data1202.vrp,sa,random,True,34,5400.139156373258,6,1234.9066133842048,28,4165.232542989053,77.1319483142066,123.97719920000054,131479,0.75,1,350,0.98,0.001,1000,0.7,0.1,10,200,50,False
data1202.vrp,sa,random,True,34,5400.139156373258,5,1161.598587736521,29,4238.540568636737,78.4894693618108,128.55752480000046,127181,0.75,1,350,0.98,0.001,1000,0.7,0.2,10,200,50,False
data1202.vrp,sa,random,True,34,5400.139156373258,7,1179.0053160793684,27,4221.133840293889,78.16713084721337,100.73848800000087,126425,0.75,1,350,0.98,0.001,1000,0.8,0.1,10,200,50,False
data1202.vrp,sa,random,True,34,5400.139156373258,6,1200.356140351399,28,4199.783016021858,77.77175540125228,116.4968258000008,121606,0.75,1,350,0.98,0.001,1000,0.8,0.2,10,200,50,False
data1202.vrp,sa,random,True,34,5400.139156373258,6,1175.2310440251567,28,4224.908112348101,78.2370229730442,481.95439890000125,481520,0.75,1,300,0.99,0.001,2000,0.8,0.1,10,200,50,False
data1202.vrp,sa,random,True,34,5400.139156373258,5,1177.8637271614175,29,4222.275429211841,78.18827083795982,473.5731639000005,467534,0.75,1,300,0.99,0.001,2000,0.8,0.2,10,200,50,False
data1202.vrp,sa,random,True,34,5400.139156373258,6,1140.8614743762744,28,4259.277681996983,78.87348008375253,181.65375490000042,197284,0.75,1,350,0.98,0.001,1500,0.7,0.1,10,200,50,False
data1202.vrp,sa,random,True,34,5400.139156373258,6,1143.5976874849184,28,4256.541468888339,78.82281077636229,178.9492343999991,189643,0.75,1,350,0.98,0.001,1500,0.7,0.2,10,200,50,False
data1202.vrp,sa,random,True,34,5400.139156373258,6,1195.9451497284522,28,4204.194006644806,77.85343830784444,174.4291202000004,190476,0.75,1,350,0.98,0.001,1500,0.8,0.1,10,200,50,False
data1202.vrp,sa,random,True,34,5400.139156373258,5,1255.7107234602263,29,4144.428432913031,76.74669694431424,201.93568220000088,182110,0.75,1,350,0.98,0.001,1500,0.8,0.2,10,200,50,False
data1202.vrp,sa,random,True,34,5400.139156373258,6,1125.7347286400395,28,4274.404427733218,79.1535977862451,222.58514690000084,263143,0.75,1,350,0.98,0.001,2000,0.7,0.1,10,200,50,False
data1202.vrp,sa,random,True,34,5400.139156373258,6,1173.9248352021532,28,4226.2143211711045,78.26121140199352,603.5613539999995,693692,0.75,1,300,0.99,0.001,3000,0.8,0.2,10,200,50,False
data1202.vrp,sa,random,True,34,5400.139156373258,5,1144.8224146265425,29,4255.316741746716,78.8001312285551,717.3685053000008,721421,0.75,1,300,0.99,0.001,3000,0.7,0.2,10,200,50,False
data1202.vrp,sa,random,True,34,5400.139156373258,6,1154.6525673003987,28,4245.486589072859,78.618096055216,246.4621948999993,255679,0.75,1,350,0.98,0.001,2000,0.8,0.1,10,200,50,False
data1202.vrp,sa,random,True,34,5400.139156373258,5,1155.0160364950873,29,4245.123119878171,78.61136531765233,767.0315961999986,756430,0.75,1,300,0.99,0.001,3000,0.7,0.1,10,200,50,False
data1202.vrp,sa,random,True,34,5400.139156373258,5,1175.471089262826,29,4224.668067110431,78.23257780541576,309.5406058999997,252359,0.75,1,350,0.98,0.001,2000,0.7,0.2,10,200,50,False
data1202.vrp,sa,random,True,34,5400.139156373258,6,1195.3695327093312,28,4204.769623663927,77.86409760758566,236.5338267999996,245008,0.75,1,350,0.98,0.001,2000,0.8,0.2,10,200,50,False
data1202.vrp,sa,random,True,34,5400.139156373258,6,1167.2954182722467,28,4232.843738101011,78.3839752185904,147.51358710000022,175422,0.75,1,350,0.985,0.001,1000,0.7,0.1,10,200,50,False
data1202.vrp,sa,random,True,34,5400.139156373258,6,1178.0453335970085,28,4222.093822776249,78.1849078424826,151.55189640000026,168261,0.75,1,350,0.985,0.001,1000,0.7,0.2,10,200,50,False
data1202.vrp,sa,random,True,34,5400.139156373258,5,1205.8943371539638,29,4194.244819219294,77.66919884405638,184.86336329999904,170646,0.75,1,350,0.985,0.001,1000,0.8,0.1,10,200,50,False
data1202.vrp,sa,random,True,34,5400.139156373258,5,1206.22045379826,29,4193.918702574998,77.66315980256407,164.52742580000086,165049,0.75,1,350,0.985,0.001,1000,0.8,0.2,10,200,50,False
data1202.vrp,sa,random,True,34,5400.139156373258,6,1148.8854935451252,28,4251.253662828132,78.72489096527804,358.63048770000023,397266,0.75,1,350,0.98,0.001,3000,0.7,0.1,10,200,50,False
data1202.vrp,sa,random,True,34,5400.139156373258,6,1132.9973965148208,28,4267.141759858437,79.01910740248879,419.87944570000036,380768,0.75,1,350,0.98,0.001,3000,0.7,0.2,10,200,50,False
data1202.vrp,sa,random,True,34,5400.139156373258,6,1178.5483169594052,28,4221.590839413852,78.1755935757974,371.3292046000006,368348,0.75,1,350,0.98,0.001,3000,0.8,0.2,10,200,50,False
data1202.vrp,sa,random,True,34,5400.139156373258,6,1158.1735865471935,28,4241.965569826064,78.55289367533587,244.2343039999996,254126,0.75,1,350,0.985,0.001,1500,0.7,0.2,10,200,50,False
data1202.vrp,sa,random,True,34,5400.139156373258,5,1159.6222455436728,29,4240.516910829585,78.52606734818892,442.164823000001,382291,0.75,1,350,0.98,0.001,3000,0.8,0.1,10,200,50,False
data1202.vrp,sa,random,True,34,5400.139156373258,6,1178.5266242844561,28,4221.612532088801,78.17599528164833,221.68704249999973,256169,0.75,1,350,0.985,0.001,1500,0.8,0.1,10,200,50,False
data1202.vrp,sa,random,True,34,5400.139156373258,8,2987.0218282097167,26,2413.117328163541,44.686206378877735,68.09126409999953,203801,0.75,1,350,0.985,0.001,2000,0.8,0.1,10,200,50,False
data1202.vrp,sa,random,True,34,5400.139156373258,6,1220.0155686119401,28,4180.123587761318,77.4077012965106,229.60651130000042,245370,0.75,1,350,0.985,0.001,1500,0.8,0.2,10,200,50,False
data1202.vrp,sa,random,True,34,5400.139156373258,5,1159.4437402541425,29,4240.695416119115,78.52937291651523,284.3566519999986,265110,0.75,1,350,0.985,0.001,1500,0.7,0.1,10,200,50,False
data1202.vrp,sa,random,True,34,5400.139156373258,7,2873.7616579747573,27,2526.3774983985004,46.78356289053891,117.47966949999864,335082,0.75,1,350,0.985,0.001,3000,0.7,0.1,10,200,50,False
data1202.vrp,sa,random,True,34,5400.139156373258,5,1153.994680528429,29,4246.144475844829,78.6302788296394,332.0480420999993,351769,0.75,1,350,0.985,0.001,2000,0.7,0.1,10,200,50,False
data1202.vrp,sa,random,True,34,5400.139156373258,8,3254.4559663710475,26,2145.6831900022103,39.73384995958613,25.294087500000387,81196,0.75,1,350,0.99,0.001,1000,0.8,0.1,10,200,50,False
data1202.vrp,sa,random,True,34,5400.139156373258,6,1197.196191648486,28,4202.942964724772,77.83027146188348,219.43720639999992,265520,0.75,1,350,0.99,0.001,1000,0.7,0.1,10,200,50,False
data1202.vrp,sa,random,True,34,5400.139156373258,7,2870.224762849506,27,2529.9143935237516,46.849059260592206,62.30228519999946,166996,0.75,1,350,0.99,0.001,1000,0.8,0.2,10,200,50,False
data1202.vrp,sa,random,True,34,5400.139156373258,5,1251.8951751947561,29,4148.243981178502,76.81735342473043,287.00558060000003,328834,0.75,1,350,0.985,0.001,2000,0.8,0.2,10,200,50,False
data1202.vrp,sa,random,True,34,5400.139156373258,5,1189.7139834349214,29,4210.425172938336,77.96882730270352,361.7594970000009,341307,0.75,1,350,0.985,0.001,2000,0.7,0.2,10,200,50,False
data1202.vrp,sa,random,True,34,5400.139156373258,8,3018.687388982371,26,2381.4517673908867,44.09982221625329,45.86042559999987,145897,0.75,1,350,0.99,0.001,1500,0.7,0.1,10,200,50,False
data1202.vrp,sa,random,True,34,5400.139156373258,8,3210.6942506232,26,2189.444905750058,40.54423121978384,42.50047799999993,128982,0.75,1,350,0.99,0.001,1500,0.8,0.2,10,200,50,False
data1202.vrp,sa,random,True,34,5400.139156373258,8,3264.965957467973,26,2135.1731989052846,39.53922551024167,63.39838149999923,201619,0.75,1,350,0.99,0.001,2000,0.7,0.1,10,200,50,False
data1202.vrp,sa,random,True,34,5400.139156373258,6,1164.982189827752,28,4235.156966545505,78.42681167849467,271.73629599999913,255808,0.75,1,350,0.99,0.001,1000,0.7,0.2,10,200,50,False
data1202.vrp,sa,random,True,34,5400.139156373258,8,3185.7356288603683,26,2214.4035275128895,41.00641600873276,54.80184720000034,165646,0.75,1,350,0.99,0.001,2000,0.8,0.1,10,200,50,False
data1202.vrp,sa,random,True,34,5400.139156373258,7,3079.0889673045217,27,2321.050189068736,42.98130329344248,93.34161459999996,249142,0.75,1,350,0.99,0.001,2000,0.7,0.2,10,200,50,False
data1202.vrp,sa,random,True,34,5400.139156373258,6,1212.5891493091012,28,4187.5500070641565,77.54522403597691,452.9434311999994,489858,0.75,1,350,0.985,0.001,3000,0.8,0.2,10,200,50,False
data1202.vrp,sa,random,True,34,5400.139156373258,8,3266.031608498062,26,2134.107547875196,39.51949174044,61.60263440000017,183313,0.75,1,350,0.99,0.001,3000,0.8,0.1,10,200,50,False
data1202.vrp,sa,random,True,34,5400.139156373258,5,1160.5278862556243,29,4239.6112701176335,78.5092966560692,554.5438140999995,511909,0.75,1,350,0.985,0.001,3000,0.8,0.1,10,200,50,False
data1202.vrp,sa,random,True,34,5400.139156373258,5,1145.9813285327018,29,4254.157827840556,78.77867041296126,569.9468900000011,505955,0.75,1,350,0.985,0.001,3000,0.7,0.2,10,200,50,False
data1202.vrp,sa,random,True,34,5400.139156373258,5,1141.060904977103,29,4259.078251396155,78.86978701964708,392.75236419999965,382552,0.75,1,350,0.99,0.001,1500,0.7,0.2,10,200,50,False
data1202.vrp,sa,random,True,34,5400.139156373258,5,1129.7980662288392,29,4270.341090144419,79.07835273290229,373.7353306999994,384248,0.75,1,350,0.99,0.001,1500,0.8,0.1,10,200,50,False
data1202.vrp,sa,random,True,34,5400.139156373258,6,1248.8719438981423,28,4151.267212475115,76.87333774678342,469.9189604000003,490710,0.75,1,350,0.99,0.001,2000,0.8,0.2,10,200,50,False
data1202.vrp,sa,random,True,34,5400.139156373258,6,1135.6904013653311,28,4264.448755007927,78.96923822740777,667.3135849000009,764262,0.75,1,350,0.99,0.001,3000,0.7,0.2,10,200,50,False
data1202.vrp,sa,random,True,34,5400.139156373258,5,1167.3438166339492,29,4232.7953397393085,78.38307897572886,804.7519516000011,797284,0.75,1,350,0.99,0.001,3000,0.7,0.1,10,200,50,False
data1202.vrp,sa,random,True,34,5400.139156373258,5,1193.2892687128972,29,4206.849887660361,77.90262002221601,812.0214149999993,740304,0.75,1,350,0.99,0.001,3000,0.8,0.2,10,200,50,False
data1202.vrp,sa,random,True,37,5189.338508121887,6,1203.6842777839315,31,3985.654230337955,76.80466834260218,103.31391069999881,105297,0.75,2,200,0.98,0.001,1000,0.7,0.1,10,200,50,False
data1202.vrp,sa,random,True,37,5189.338508121887,7,1216.164314953464,30,3973.174193168423,76.56417454652394,100.3967967000026,100320,0.75,2,200,0.98,0.001,1000,0.7,0.2,10,200,50,False
data1202.vrp,sa,random,True,37,5189.338508121887,6,1217.1734124392406,31,3972.165095682646,76.54472895660535,109.84737740000128,101326,0.75,2,200,0.98,0.001,1000,0.8,0.1,10,200,50,False
data1202.vrp,sa,random,True,37,5189.338508121887,6,1211.2310500757226,31,3978.107458046164,76.65923993626524,119.58782739999879,96274,0.75,2,200,0.98,0.001,1000,0.8,0.2,10,200,50,False
data1202.vrp,sa,random,True,37,5189.338508121887,5,1160.8110080491213,32,4028.527500072765,77.63084820478903,170.09730669999772,158105,0.75,2,200,0.98,0.001,1500,0.7,0.1,10,200,50,False
data1202.vrp,sa,random,True,37,5189.338508121887,5,1182.2993412918702,32,4007.0391668300163,77.21676203158762,206.55015769999955,152063,0.75,2,200,0.98,0.001,1500,0.7,0.2,10,200,50,False
data1202.vrp,sa,random,True,37,5189.338508121887,6,1172.7987823634878,31,4016.539725758399,77.39984045118798,179.94748520000212,152243,0.75,2,200,0.98,0.001,1500,0.8,0.1,10,200,50,False
data1202.vrp,sa,random,True,37,5189.338508121887,5,1277.3760814906507,32,3911.9624266312358,75.38460673761374,168.90579530000105,146192,0.75,2,200,0.98,0.001,1500,0.8,0.2,10,200,50,False
data1202.vrp,sa,random,True,37,5189.338508121887,6,1194.429936723877,31,3994.9085713980094,76.98300207522668,221.37224380000043,201614,0.75,2,200,0.98,0.001,2000,0.7,0.2,10,200,50,False
data1202.vrp,sa,random,True,37,5189.338508121887,5,1179.7521656856718,32,4009.586342436215,77.2658468157506,277.52998020000086,214212,0.75,2,200,0.98,0.001,2000,0.7,0.1,10,200,50,False
data1202.vrp,sa,random,True,37,5189.338508121887,6,1196.5321598186256,31,3992.806348303261,76.9424916500259,231.63859239999874,192945,0.75,2,200,0.98,0.001,2000,0.8,0.2,10,200,50,False
data1202.vrp,sa,random,True,37,5189.338508121887,6,1173.985330968567,31,4015.35317715332,77.37697532872156,250.8470071999982,202879,0.75,2,200,0.98,0.001,2000,0.8,0.1,10,200,50,False
data1202.vrp,sa,random,True,37,5189.338508121887,6,1179.3417403830647,31,4009.996767738822,77.27375582577116,330.8350597000026,316883,0.75,2,200,0.98,0.001,3000,0.7,0.1,10,200,50,False
data1202.vrp,sa,random,True,37,5189.338508121887,6,1170.4891924170556,31,4018.849315704831,77.44434689344102,151.68386499999906,140912,0.75,2,200,0.985,0.001,1000,0.7,0.1,10,200,50,False
data1202.vrp,sa,random,True,37,5189.338508121887,6,1131.5938394460084,31,4057.7446686758785,78.19387119042362,113.20566340000005,134301,0.75,2,200,0.985,0.001,1000,0.8,0.1,10,200,50,False
data1202.vrp,sa,random,True,37,5189.338508121887,6,1176.4270723097316,31,4012.911435812155,77.32992229224412,150.092070900002,134504,0.75,2,200,0.985,0.001,1000,0.7,0.2,10,200,50,False
data1202.vrp,sa,random,True,37,5189.338508121887,6,1150.1028011418377,31,4039.235706980049,77.83719833767252,393.53013719999944,302968,0.75,2,200,0.98,0.001,3000,0.7,0.2,10,200,50,False
data1202.vrp,sa,random,True,37,5189.338508121887,6,1110.3945357908817,31,4078.943972331005,78.60238768288113,333.66965340000024,304151,0.75,2,200,0.98,0.001,3000,0.8,0.1,10,200,50,False
data1202.vrp,sa,random,True,37,5189.338508121887,6,1191.161380306293,31,3998.177127815594,77.04598806876842,324.04012220000004,288287,0.75,2,200,0.98,0.001,3000,0.8,0.2,10,200,50,False
data1202.vrp,sa,random,True,37,5189.338508121887,5,1258.4152713556145,32,3930.923236766272,75.74998683577769,170.10569720000058,129262,0.75,2,200,0.985,0.001,1000,0.8,0.2,10,200,50,False
data1202.vrp,sa,random,True,37,5189.338508121887,6,1168.7725271634645,31,4020.565980958422,77.47742751153723,188.27230769999733,201965,0.75,2,200,0.985,0.001,1500,0.8,0.1,10,200,50,False
data1202.vrp,sa,random,True,37,5189.338508121887,6,1212.2007683246777,31,3977.137739797209,76.64055319522035,220.75496029999704,210099,0.75,2,200,0.985,0.001,1500,0.7,0.1,10,200,50,False
data1202.vrp,sa,random,True,37,5189.338508121887,6,1138.7929820583267,31,4050.54552606356,78.05514170494004,235.9984132999998,201938,0.75,2,200,0.985,0.001,1500,0.7,0.2,10,200,50,False
data1202.vrp,sa,random,True,37,5189.338508121887,6,1265.8679986270977,31,3923.470509494789,75.60637070320475,192.81335540000146,191855,0.75,2,200,0.985,0.001,1500,0.8,0.2,10,200,50,False
data1202.vrp,sa,random,True,37,5189.338508121887,5,1138.0141984955758,32,4051.324309626311,78.07014908134325,312.7795522999986,282567,0.75,2,200,0.985,0.001,2000,0.7,0.1,10,200,50,False
data1202.vrp,sa,random,True,37,5189.338508121887,7,3075.907904195524,30,2113.4306039263624,40.72639702764833,27.78199019999738,73966,0.75,2,200,0.99,0.001,1000,0.7,0.1,10,200,50,False
data1202.vrp,sa,random,True,37,5189.338508121887,5,1236.6180147781813,32,3952.720493343705,76.17002604777588,291.26403930000015,273305,0.75,2,200,0.985,0.001,2000,0.8,0.1,10,200,50,False
data1202.vrp,sa,random,True,37,5189.338508121887,6,1164.3082142069602,31,4025.0302939149265,77.56345606699796,329.12964120000106,269042,0.75,2,200,0.985,0.001,2000,0.7,0.2,10,200,50,False
data1202.vrp,sa,random,True,37,5189.338508121887,6,1177.824468546608,31,4011.5140395752787,77.30299407712211,266.15022670000326,254797,0.75,2,200,0.985,0.001,2000,0.8,0.2,10,200,50,False
data1202.vrp,sa,random,True,37,5189.338508121887,5,1187.9868827602313,32,4001.3516253616554,77.10716152162938,218.3713338000016,200921,0.75,2,200,0.99,0.001,1000,0.7,0.2,10,200,50,False
data1202.vrp,sa,random,True,37,5189.338508121887,5,1195.5404408226814,32,3993.7980672992053,76.96160235159975,419.3818253999998,402924,0.75,2,200,0.985,0.001,3000,0.7,0.2,10,200,50,False
data1202.vrp,sa,random,True,37,5189.338508121887,6,1133.7161119164791,31,4055.6223962054073,78.15297440816227,203.16279710000163,205543,0.75,2,200,0.99,0.001,1000,0.8,0.1,10,200,50,False
data1202.vrp,sa,random,True,37,5189.338508121887,6,1133.1550531792477,31,4056.183454942639,78.1637861664693,450.02536500000133,424796,0.75,2,200,0.985,0.001,3000,0.7,0.1,10,200,50,False
data1202.vrp,sa,random,True,37,5189.338508121887,5,1236.591666524288,32,3952.7468415975986,76.17053378597511,223.84270099999776,194706,0.75,2,200,0.99,0.001,1000,0.8,0.2,10,200,50,False
data1202.vrp,sa,random,True,37,5189.338508121887,5,1152.9065912255408,32,4036.4319168963457,77.78316852097593,497.3934006999989,403535,0.75,2,200,0.985,0.001,3000,0.8,0.1,10,200,50,False
data1202.vrp,sa,random,True,37,5189.338508121887,5,1172.7931121907732,32,4016.5453959311135,77.39994971699721,334.7399551999988,316526,0.75,2,200,0.99,0.001,1500,0.7,0.1,10,200,50,False
data1202.vrp,sa,random,True,37,5189.338508121887,5,1227.5319752539767,32,3961.80653286791,76.34511656287687,532.5017154999987,388331,0.75,2,200,0.985,0.001,3000,0.8,0.2,10,200,50,False
data1202.vrp,sa,random,True,37,5189.338508121887,5,1221.0174017920071,32,3968.3211063298795,76.4706542099541,255.01383329999953,304917,0.75,2,200,0.99,0.001,1500,0.8,0.1,10,200,50,False
data1202.vrp,sa,random,True,37,5189.338508121887,6,1169.2139689659407,31,4020.124539155946,77.46892080491585,321.2139769000023,302420,0.75,2,200,0.99,0.001,1500,0.7,0.2,10,200,50,False
data1202.vrp,sa,random,True,37,5189.338508121887,5,1192.9429473255884,32,3996.395560796298,77.01165677555046,402.117248999999,290877,0.75,2,200,0.99,0.001,1500,0.8,0.2,10,200,50,False
data1202.vrp,sa,random,True,37,5189.338508121887,6,1130.523062062601,31,4058.815446059286,78.21450536916781,412.941476699998,422376,0.75,2,200,0.99,0.001,2000,0.7,0.1,10,200,50,False
data1202.vrp,sa,random,True,37,5189.338508121887,5,1151.4098586655866,32,4037.9286494563003,77.81201097474171,461.0004499000024,406981,0.75,2,200,0.99,0.001,2000,0.8,0.1,10,200,50,False
data1202.vrp,sa,random,True,37,5189.338508121887,5,1131.4175411097197,32,4057.9209670121672,78.19726850852133,526.0632382000003,405060,0.75,2,200,0.99,0.001,2000,0.7,0.2,10,200,50,False
data1202.vrp,sa,random,True,37,5189.338508121887,5,1211.781749912414,32,3977.5567582094727,76.64862779686001,141.29862890000004,117052,0.75,2,250,0.98,0.001,1000,0.7,0.1,10,200,50,False
data1202.vrp,sa,random,True,37,5189.338508121887,5,1183.4094484837115,32,4005.929059638175,77.19536995646853,431.59551400000055,387202,0.75,2,200,0.99,0.001,2000,0.8,0.2,10,200,50,False
data1202.vrp,sa,random,True,37,5189.338508121887,5,1302.2562097361952,32,3887.0822983856915,74.90515972897083,126.17613490000076,106049,0.75,2,250,0.98,0.001,1000,0.8,0.2,10,200,50,False
data1202.vrp,sa,random,True,37,5189.338508121887,5,1207.048689985831,32,3982.2898181360556,76.73983518136913,141.27471510000032,112241,0.75,2,250,0.98,0.001,1000,0.8,0.1,10,200,50,False
data1202.vrp,sa,random,True,37,5189.338508121887,6,1134.4865969532525,31,4054.851911168634,78.13812694666852,538.1011421000003,634674,0.75,2,200,0.99,0.001,3000,0.7,0.1,10,200,50,False
data1202.vrp,sa,random,True,37,5189.338508121887,5,1163.568690292988,32,4025.7698178288983,77.57770689902239,146.5616525000005,110916,0.75,2,250,0.98,0.001,1000,0.7,0.2,10,200,50,False
data1202.vrp,sa,random,True,37,5189.338508121887,5,1164.5872600830098,32,4024.751248038877,77.55807877515983,176.43756779999967,172645,0.75,2,250,0.98,0.001,1500,0.7,0.1,10,200,50,False
data1202.vrp,sa,random,True,37,5189.338508121887,6,1163.5678069345404,31,4025.7707011873463,77.57772392158599,192.34983980000106,166158,0.75,2,250,0.98,0.001,1500,0.7,0.2,10,200,50,False
data1202.vrp,sa,random,True,37,5189.338508121887,6,1203.3040865321238,31,3986.034421589763,76.81199473403363,186.8039835999989,159411,0.75,2,250,0.98,0.001,1500,0.8,0.2,10,200,50,False
data1202.vrp,sa,random,True,37,5189.338508121887,6,1140.7600370455043,31,4048.5784710763824,78.0172360068612,205.46826359999977,167167,0.75,2,250,0.98,0.001,1500,0.8,0.1,10,200,50,False
data1202.vrp,sa,random,True,37,5189.338508121887,6,1205.4811914672187,31,3983.857316654668,76.77004131488998,215.6666527999987,231431,0.75,2,250,0.98,0.001,2000,0.7,0.1,10,200,50,False
data1202.vrp,sa,random,True,37,5189.338508121887,5,1133.8591587159835,32,4055.479349405903,78.15021785644993,699.3946944000018,604012,0.75,2,200,0.99,0.001,3000,0.7,0.2,10,200,50,False
data1202.vrp,sa,random,True,37,5189.338508121887,5,1156.1759701576777,32,4033.162537964209,77.72016667734944,703.9487827999983,613290,0.75,2,200,0.99,0.001,3000,0.8,0.1,10,200,50,False
data1202.vrp,sa,random,True,37,5189.338508121887,5,1223.1931059585124,32,3966.1454021633745,76.42872778401177,609.0837162000025,583171,0.75,2,200,0.99,0.001,3000,0.8,0.2,10,200,50,False
data1202.vrp,sa,random,True,37,5189.338508121887,5,1175.1902251429121,32,4014.1482829789747,77.35375668202008,287.76848529999916,222477,0.75,2,250,0.98,0.001,2000,0.7,0.2,10,200,50,False
data1202.vrp,sa,random,True,37,5189.338508121887,6,1256.6870024737038,31,3932.651505648183,75.78329105902708,238.89211330000035,211909,0.75,2,250,0.98,0.001,2000,0.8,0.2,10,200,50,False
data1202.vrp,sa,random,True,37,5189.338508121887,6,1136.089250432171,31,4053.2492576897157,78.10724336726028,122.62178679999852,153924,0.75,2,250,0.985,0.001,1000,0.7,0.1,10,200,50,False
data1202.vrp,sa,random,True,37,5189.338508121887,5,1136.3358377545064,32,4053.0026703673802,78.10249156080269,260.1836070999998,223371,0.75,2,250,0.98,0.001,2000,0.8,0.1,10,200,50,False
data1202.vrp,sa,random,True,37,5189.338508121887,6,1157.214054192821,31,4032.1244539290656,77.7001625085422,155.02057589999822,147185,0.75,2,250,0.985,0.001,1000,0.7,0.2,10,200,50,False
data1202.vrp,sa,random,True,37,5189.338508121887,6,1156.7917853350204,31,4032.546722786866,77.70829974717367,362.76573059999646,350386,0.75,2,250,0.98,0.001,3000,0.7,0.1,10,200,50,False
data1202.vrp,sa,random,True,37,5189.338508121887,6,1237.454851253729,31,3951.8836568681577,76.15389997555612,138.88498569999865,142105,0.75,2,250,0.985,0.001,1000,0.8,0.2,10,200,50,False
data1202.vrp,sa,random,True,37,5189.338508121887,6,1169.5981498456467,31,4019.74035827624,77.46151753224237,153.46158959999957,148743,0.75,2,250,0.985,0.001,1000,0.8,0.1,10,200,50,False
data1202.vrp,sa,random,True,37,5189.338508121887,6,1188.7123676839267,31,4000.62614043796,77.09318122486208,368.6896104000007,335190,0.75,2,250,0.98,0.001,3000,0.7,0.2,10,200,50,False
data1202.vrp,sa,random,True,37,5189.338508121887,6,1161.8408161291984,31,4027.4976919926885,77.61100351594352,354.95631929999945,335449,0.75,2,250,0.98,0.001,3000,0.8,0.1,10,200,50,False
data1202.vrp,sa,random,True,37,5189.338508121887,6,1210.690753708253,31,3978.6477544136337,76.66965159791776,335.990313600003,318665,0.75,2,250,0.98,0.001,3000,0.8,0.2,10,200,50,False
data1202.vrp,sa,random,True,37,5189.338508121887,8,3086.2357936915437,29,2103.102714430343,40.52737571732419,46.72505799999999,141182,0.75,2,250,0.985,0.001,2000,0.7,0.2,10,200,50,False
data1202.vrp,sa,random,True,37,5189.338508121887,6,1154.768083811455,31,4034.570424310432,77.74729703980351,255.73604580000028,231653,0.75,2,250,0.985,0.001,1500,0.7,0.1,10,200,50,False
data1202.vrp,sa,random,True,37,5189.338508121887,6,1149.8216736475913,31,4039.516834474295,77.8426157428737,230.5415681000013,222592,0.75,2,250,0.985,0.001,1500,0.7,0.2,10,200,50,False
data1202.vrp,sa,random,True,37,5189.338508121887,5,1160.6387566376154,32,4028.6997514842715,77.63416753751778,202.4506779000003,223296,0.75,2,250,0.985,0.001,1500,0.8,0.1,10,200,50,False
data1202.vrp,sa,random,True,37,5189.338508121887,5,1206.1296113356366,32,3983.20889678625,76.757546083226,280.863706600001,215450,0.75,2,250,0.985,0.001,1500,0.8,0.2,10,200,50,False
data1202.vrp,sa,random,True,37,5189.338508121887,5,1219.2879579789635,32,3970.0505501429234,76.50398107445403,290.26948139999877,309795,0.75,2,250,0.985,0.001,2000,0.7,0.1,10,200,50,False
data1202.vrp,sa,random,True,37,5189.338508121887,6,1111.4892921888836,31,4077.849215933003,78.5812914218396,291.3894384000014,299568,0.75,2,250,0.985,0.001,2000,0.8,0.1,10,200,50,False
data1202.vrp,sa,random,True,37,5189.338508121887,8,3253.675913073152,29,1935.6625950487346,37.3007579293432,26.508490399999573,81054,0.75,2,250,0.99,0.001,1000,0.7,0.2,10,200,50,False
data1202.vrp,sa,random,True,37,5189.338508121887,6,1214.3098570439745,31,3975.0286510779124,76.59991046752017,283.29662290000124,283564,0.75,2,250,0.985,0.001,2000,0.8,0.2,10,200,50,False
data1202.vrp,sa,random,True,37,5189.338508121887,8,3219.8352287847897,29,1969.503279337097,37.95287735141208,30.291995799998404,92430,0.75,2,250,0.99,0.001,1000,0.8,0.2,10,200,50,False
data1202.vrp,sa,random,True,37,5189.338508121887,8,3077.468353574235,29,2111.8701545476515,40.6963267330189,56.23061600000074,163820,0.75,2,250,0.99,0.001,1500,0.7,0.2,10,200,50,False
data1202.vrp,sa,random,True,37,5189.338508121887,5,1151.1882393980134,32,4038.1502687238735,77.81628163982217,203.3209805000006,231739,0.75,2,250,0.99,0.001,1000,0.7,0.1,10,200,50,False
data1202.vrp,sa,random,True,37,5189.338508121887,6,1209.7193717652383,31,3979.6191363566486,76.68837039881106,425.5373022999993,465545,0.75,2,250,0.985,0.001,3000,0.7,0.1,10,200,50,False
data1202.vrp,sa,random,True,37,5189.338508121887,6,1182.6830331648785,31,4006.655474957008,77.20936818220956,190.84668600000077,222811,0.75,2,250,0.99,0.001,1000,0.8,0.1,10,200,50,False
data1202.vrp,sa,random,True,37,5189.338508121887,7,2971.1886156145533,30,2218.1498925073333,42.74436691758852,67.8441438000009,172972,0.75,2,250,0.99,0.001,1500,0.8,0.2,10,200,50,False
data1202.vrp,sa,random,True,37,5189.338508121887,7,2931.494692528176,30,2257.8438155937106,43.509279883359625,74.90084600000046,210852,0.75,2,250,0.99,0.001,2000,0.7,0.2,10,200,50,False
data1202.vrp,sa,random,True,37,5189.338508121887,8,3142.1321694993862,29,2047.2063386225004,39.450236969864214,52.05473999999958,159061,0.75,2,250,0.99,0.001,2000,0.8,0.1,10,200,50,False
data1202.vrp,sa,random,True,37,5189.338508121887,6,1175.9376299572632,31,4013.4008781646235,77.33935398284788,296.16920599999867,351383,0.75,2,250,0.99,0.001,1500,0.7,0.1,10,200,50,False
data1202.vrp,sa,random,True,37,5189.338508121887,5,1162.9243797728295,32,4026.414128349057,77.5901229423996,568.2710998999974,447912,0.75,2,250,0.985,0.001,3000,0.7,0.2,10,200,50,False
data1202.vrp,sa,random,True,37,5189.338508121887,5,1204.4717584987102,32,3984.8667496231765,76.78949336965435,533.3371716000001,451910,0.75,2,250,0.985,0.001,3000,0.8,0.1,10,200,50,False
data1202.vrp,sa,random,True,37,5189.338508121887,6,1164.01550692306,31,4025.3230011988267,77.56909661797458,292.93580049999946,334221,0.75,2,250,0.99,0.001,1500,0.8,0.1,10,200,50,False
data1202.vrp,sa,random,True,37,5189.338508121887,5,1265.8400014641231,32,3923.4985066577638,75.60691021634176,606.8740609999986,431826,0.75,2,250,0.985,0.001,3000,0.8,0.2,10,200,50,False
data1202.vrp,sa,random,True,37,5189.338508121887,6,1186.9236081766373,31,4002.414899945249,77.12765111932916,100.75374609999926,123770,0.75,2,300,0.98,0.001,1000,0.7,0.1,10,200,50,False
data1202.vrp,sa,random,True,37,5189.338508121887,6,1203.7590068165462,31,3985.5795013053403,76.80322829330692,119.07280669999818,118946,0.75,2,300,0.98,0.001,1000,0.7,0.2,10,200,50,False
data1202.vrp,sa,random,True,37,5189.338508121887,6,1195.8830003481844,31,3993.4555077737023,76.95500113402709,124.7362882999987,120432,0.75,2,300,0.98,0.001,1000,0.8,0.1,10,200,50,False
data1202.vrp,sa,random,True,37,5189.338508121887,5,1150.5799301762409,32,4038.758577945646,77.8280039281412,463.04459930000303,465443,0.75,2,250,0.99,0.001,2000,0.7,0.1,10,200,50,False
data1202.vrp,sa,random,True,37,5189.338508121887,6,1187.3383610303933,31,4002.000147091493,77.11965871619132,420.5572501000024,430922,0.75,2,250,0.99,0.001,2000,0.8,0.2,10,200,50,False
data1202.vrp,sa,random,True,37,5189.338508121887,6,1180.1918222118675,31,4009.146685910019,77.25737451190095,128.18521920000057,115825,0.75,2,300,0.98,0.001,1000,0.8,0.2,10,200,50,False
data1202.vrp,sa,random,True,37,5189.338508121887,6,1138.1484964402632,31,4051.190011681623,78.0675611225027,176.28122730000177,185985,0.75,2,300,0.98,0.001,1500,0.7,0.1,10,200,50,False
data1202.vrp,sa,random,True,37,5189.338508121887,5,1170.188365342383,32,4019.1501427795038,77.45014391504989,195.50419659999898,178915,0.75,2,300,0.98,0.001,1500,0.7,0.2,10,200,50,False
data1202.vrp,sa,random,True,37,5189.338508121887,6,1127.0880572160993,31,4062.250450905787,78.28069887034576,565.7138737999994,697525,0.75,2,250,0.99,0.001,3000,0.7,0.1,10,200,50,False
data1202.vrp,sa,random,True,37,5189.338508121887,6,1218.5149238266938,31,3970.8235842951926,76.51887765811416,183.70591440000135,181210,0.75,2,300,0.98,0.001,1500,0.8,0.1,10,200,50,False
data1202.vrp,sa,random,True,37,5189.338508121887,6,1217.1684058679114,31,3972.1701022539755,76.54482543463085,163.65760959999898,173305,0.75,2,300,0.98,0.001,1500,0.8,0.2,10,200,50,False
data1202.vrp,sa,random,True,37,5189.338508121887,6,1178.9209961717795,31,4010.417511950107,77.28186368403914,232.27282999999807,248142,0.75,2,300,0.98,0.001,2000,0.7,0.1,10,200,50,False
data1202.vrp,sa,random,True,37,5189.338508121887,6,1203.2078646046232,31,3986.1306435172637,76.81384895740624,235.59907990000283,237829,0.75,2,300,0.98,0.001,2000,0.7,0.2,10,200,50,False
data1202.vrp,sa,random,True,37,5189.338508121887,5,1139.6559333050309,32,4049.682574816856,78.03851239379848,754.2408446000009,667842,0.75,2,250,0.99,0.001,3000,0.7,0.2,10,200,50,False
data1202.vrp,sa,random,True,37,5189.338508121887,5,1236.4597482930585,32,3952.878759828828,76.1730758870738,706.8401754000006,649756,0.75,2,250,0.99,0.001,3000,0.8,0.2,10,200,50,False
data1202.vrp,sa,random,True,37,5189.338508121887,8,3275.1362334670953,29,1914.2022746547914,36.88721157154912,19.3643387000011,57193,0.75,2,300,0.985,0.001,1000,0.7,0.1,10,200,50,False
data1202.vrp,sa,random,True,37,5189.338508121887,6,1147.3273421206773,31,4042.0111660012094,77.89068220689433,257.44758739999816,240244,0.75,2,300,0.98,0.001,2000,0.8,0.1,10,200,50,False
data1202.vrp,sa,random,True,37,5189.338508121887,6,1229.0794534286758,31,3960.2590546932106,76.31529622696551,239.9093470000007,229523,0.75,2,300,0.98,0.001,2000,0.8,0.2,10,200,50,False
data1202.vrp,sa,random,True,37,5189.338508121887,5,1123.970453155812,32,4065.368054966075,78.34077596987218,778.2232564000005,671132,0.75,2,250,0.99,0.001,3000,0.8,0.1,10,200,50,False
data1202.vrp,sa,random,True,37,5189.338508121887,6,1149.5462066944365,31,4039.79230142745,77.84792406786973,315.9561614999984,371676,0.75,2,300,0.98,0.001,3000,0.7,0.1,10,200,50,False
data1202.vrp,sa,random,True,37,5189.338508121887,6,1143.8725399224923,31,4045.4659681993944,77.95725720855933,141.23693809999895,159577,0.75,2,300,0.985,0.001,1000,0.8,0.1,10,200,50,False
data1202.vrp,sa,random,True,37,5189.338508121887,6,1132.630527909742,31,4056.7079802121443,78.17389391466656,155.40667499999836,158675,0.75,2,300,0.985,0.001,1000,0.7,0.2,10,200,50,False
data1202.vrp,sa,random,True,37,5189.338508121887,6,1268.6174746036972,31,3920.7210335181894,75.55338753449652,171.09166149999874,155173,0.75,2,300,0.985,0.001,1000,0.8,0.2,10,200,50,False
data1202.vrp,sa,random,True,37,5189.338508121887,5,1202.2567918046436,32,3987.0817163172433,76.83217639545042,250.68812780000007,248856,0.75,2,300,0.985,0.001,1500,0.7,0.1,10,200,50,False
data1202.vrp,sa,random,True,37,5189.338508121887,6,1193.71230327215,31,3995.6262048497365,76.99683107193992,380.6169383999986,358155,0.75,2,300,0.98,0.001,3000,0.7,0.2,10,200,50,False
data1202.vrp,sa,random,True,37,5189.338508121887,6,1150.0697839414447,31,4039.268724180442,77.83783458833031,341.7777391999989,361520,0.75,2,300,0.98,0.001,3000,0.8,0.1,10,200,50,False
data1202.vrp,sa,random,True,37,5189.338508121887,6,1156.218854699015,31,4033.1196534228716,77.71934028028032,223.0965653000021,238295,0.75,2,300,0.985,0.001,1500,0.7,0.2,10,200,50,False
data1202.vrp,sa,random,True,37,5189.338508121887,6,1129.1204308462716,31,4060.218077275615,78.24153446380355,226.94023540000126,240980,0.75,2,300,0.985,0.001,1500,0.8,0.1,10,200,50,False
data1202.vrp,sa,random,True,37,5189.338508121887,6,1190.9619652695071,31,3998.3765428523793,77.04983085213037,215.73114519999945,230177,0.75,2,300,0.985,0.001,1500,0.8,0.2,10,200,50,False
data1202.vrp,sa,random,True,37,5189.338508121887,5,1223.5418956126973,32,3965.7966125091893,76.42200651012226,415.01173839999683,348147,0.75,2,300,0.98,0.001,3000,0.8,0.2,10,200,50,False
data1202.vrp,sa,random,True,37,5189.338508121887,6,1150.745674686946,31,4038.592833434941,77.8248099852052,271.7594500000014,331464,0.75,2,300,0.985,0.001,2000,0.7,0.1,10,200,50,False
data1202.vrp,sa,random,True,37,5189.338508121887,7,2879.6176620417696,30,2309.720846080117,44.50896472575742,53.491695900000195,152070,0.75,2,300,0.99,0.001,1000,0.7,0.1,10,200,50,False
data1202.vrp,sa,random,True,37,5189.338508121887,8,3197.2348597507535,29,1992.1036483711332,38.388392764381656,31.504621600000974,95675,0.75,2,300,0.99,0.001,1000,0.7,0.2,10,200,50,False
data1202.vrp,sa,random,True,37,5189.338508121887,7,3180.695546889564,30,2008.6429612323227,38.70710993489007,24.47567650000201,70417,0.75,2,300,0.99,0.001,1000,0.8,0.1,10,200,50,False
data1202.vrp,sa,random,True,37,5189.338508121887,6,1216.115987926425,31,3973.2225201954616,76.56510582181005,271.1948364000018,306784,0.75,2,300,0.985,0.001,2000,0.8,0.2,10,200,50,False
data1202.vrp,sa,random,True,37,5189.338508121887,6,1143.5172596493417,31,4045.821248472545,77.96410355848609,277.5282564000008,317165,0.75,2,300,0.985,0.001,2000,0.7,0.2,10,200,50,False
data1202.vrp,sa,random,True,37,5189.338508121887,5,1200.107255767913,32,3989.2312523539736,76.87359855423551,346.74701429999914,322326,0.75,2,300,0.985,0.001,2000,0.8,0.1,10,200,50,False
data1202.vrp,sa,random,True,37,5189.338508121887,7,2989.1800915601484,30,2200.1584165617382,42.39766615953551,58.19189589999951,152933,0.75,2,300,0.99,0.001,1500,0.8,0.1,10,200,50,False
data1202.vrp,sa,random,True,37,5189.338508121887,6,1147.1029085953062,31,4042.2355995265807,77.89500710350725,402.5885804000027,498774,0.75,2,300,0.985,0.001,3000,0.7,0.1,10,200,50,False
data1202.vrp,sa,random,True,37,5189.338508121887,6,1219.0620698843675,31,3970.276438237519,76.5083340010215,219.72308820000035,232318,0.75,2,300,0.99,0.001,1000,0.8,0.2,10,200,50,False
data1202.vrp,sa,random,True,37,5189.338508121887,8,3099.2417741785453,29,2090.0967339433414,40.27674684686902,63.46286689999761,203981,0.75,2,300,0.99,0.001,2000,0.7,0.1,10,200,50,False
data1202.vrp,sa,random,True,37,5189.338508121887,6,1172.8314351309398,31,4016.5070729909467,77.39921122325457,454.92242129999795,485237,0.75,2,300,0.985,0.001,3000,0.8,0.1,10,200,50,False
data1202.vrp,sa,random,True,37,5189.338508121887,6,1141.759081210349,31,4047.5794269115377,77.99798414724016,477.53810200000225,477284,0.75,2,300,0.985,0.001,3000,0.7,0.2,10,200,50,False
data1202.vrp,sa,random,True,37,5189.338508121887,7,3097.0476670026874,30,2092.2908411191993,40.319027903932906,51.57931929999904,142504,0.75,2,300,0.99,0.001,2000,0.8,0.1,10,200,50,False
data1202.vrp,sa,random,True,37,5189.338508121887,5,1130.8587945852914,32,4058.479713536595,78.20803570984293,312.8563299000016,373271,0.75,2,300,0.99,0.001,1500,0.7,0.1,10,200,50,False
data1202.vrp,sa,random,True,37,5189.338508121887,6,1201.166807497513,31,3988.1717006243734,76.85318069697024,533.6380038999996,467089,0.75,2,300,0.985,0.001,3000,0.8,0.2,10,200,50,False
data1202.vrp,sa,random,True,37,5189.338508121887,8,3094.996209909362,29,2094.342298212525,40.358560054131146,76.63890449999963,234500,0.75,2,300,0.99,0.001,3000,0.7,0.2,10,200,50,False
data1202.vrp,sa,random,True,37,5189.338508121887,5,1192.637157546602,32,3996.701350575285,77.01754942985521,389.5309995000025,362863,0.75,2,300,0.99,0.001,1500,0.7,0.2,10,200,50,False
data1202.vrp,sa,random,True,37,5189.338508121887,8,3233.8556216221223,29,1955.4828864997644,37.6827004721164,65.14640639999925,196778,0.75,2,300,0.99,0.001,3000,0.8,0.2,10,200,50,False
data1202.vrp,sa,random,True,37,5189.338508121887,7,1161.1245903143724,30,4028.213917807514,77.62480538710118,89.59423679999963,126267,0.75,2,350,0.98,0.001,1000,0.7,0.2,10,200,50,False
data1202.vrp,sa,random,True,37,5189.338508121887,6,1166.543868518043,31,4022.7946396038437,77.52037438505364,139.3534307000009,131453,0.75,2,350,0.98,0.001,1000,0.7,0.1,10,200,50,False
data1202.vrp,sa,random,True,37,5189.338508121887,5,1178.802276960179,32,4010.5362311617077,77.28415143634929,387.98885470000096,346220,0.75,2,300,0.99,0.001,1500,0.8,0.2,10,200,50,False
data1202.vrp,sa,random,True,37,5189.338508121887,5,1173.6668405805776,32,4015.671667541309,77.38311272730311,150.50725859999875,127962,0.75,2,350,0.98,0.001,1000,0.8,0.1,10,200,50,False
data1202.vrp,sa,random,True,37,5189.338508121887,6,1227.9559334417263,31,3961.3825746801604,76.33694677038625,112.14515780000147,121738,0.75,2,350,0.98,0.001,1000,0.8,0.2,10,200,50,False
data1202.vrp,sa,random,True,37,5189.338508121887,6,1169.113473303108,31,4020.2250348187786,77.47085738435995,411.18373710000014,479871,0.75,2,300,0.99,0.001,2000,0.7,0.2,10,200,50,False
data1202.vrp,sa,random,True,37,5189.338508121887,6,1164.7676398109238,31,4024.570868310963,77.55460280750746,178.91656659999717,198947,0.75,2,350,0.98,0.001,1500,0.7,0.1,10,200,50,False
data1202.vrp,sa,random,True,37,5189.338508121887,6,1196.7841186259807,31,3992.554389495906,76.93763633355424,425.6063699999977,462067,0.75,2,300,0.99,0.001,2000,0.8,0.2,10,200,50,False
data1202.vrp,sa,random,True,37,5189.338508121887,6,1148.381684372593,31,4040.9568237492936,77.87036473771659,180.05693070000052,187630,0.75,2,350,0.98,0.001,1500,0.7,0.2,10,200,50,False
data1202.vrp,sa,random,True,37,5189.338508121887,5,1233.38609611499,32,3955.9524120068963,76.23230602157471,180.4911295999991,192289,0.75,2,350,0.98,0.001,1500,0.8,0.1,10,200,50,False
data1202.vrp,sa,random,True,37,5189.338508121887,5,1308.2178419880279,32,3881.120666133859,74.79027741319008,200.1733346999972,184523,0.75,2,350,0.98,0.001,1500,0.8,0.2,10,200,50,False
data1202.vrp,sa,random,True,37,5189.338508121887,6,1165.266585969322,31,4024.0719221525646,77.54498797591347,228.27978980000262,263351,0.75,2,350,0.98,0.001,2000,0.7,0.1,10,200,50,False
data1202.vrp,sa,random,True,37,5189.338508121887,6,1138.1827132430856,31,4051.1557948788013,78.0669017551716,584.4526681999996,722277,0.75,2,300,0.99,0.001,3000,0.8,0.1,10,200,50,False
data1202.vrp,sa,random,True,37,5189.338508121887,6,1151.6903283590611,31,4037.6481797628257,77.80660624554481,244.17703020000044,253700,0.75,2,350,0.98,0.001,2000,0.7,0.2,10,200,50,False
data1202.vrp,sa,random,True,37,5189.338508121887,5,1182.1423615607393,32,4007.1961465611475,77.21978707477734,228.30920230000265,244498,0.75,2,350,0.98,0.001,2000,0.8,0.2,10,200,50,False
data1202.vrp,sa,random,True,37,5189.338508121887,5,1129.5863295825284,32,4059.7521785393583,78.23255646524888,274.4451947999987,255665,0.75,2,350,0.98,0.001,2000,0.8,0.1,10,200,50,False
data1202.vrp,sa,random,True,37,5189.338508121887,5,1152.3202861405914,32,4037.018221981295,77.79446678344294,715.3664341999975,748374,0.75,2,300,0.99,0.001,3000,0.7,0.1,10,200,50,False
data1202.vrp,sa,random,True,37,5189.338508121887,5,1207.2585395087667,32,3982.07996861312,76.73579132254962,169.01443199999994,176771,0.75,2,350,0.985,0.001,1000,0.7,0.1,10,200,50,False
data1202.vrp,sa,random,True,37,5189.338508121887,6,1153.0919861209445,31,4036.246522000942,77.77959590964767,350.5104112000008,395277,0.75,2,350,0.98,0.001,3000,0.7,0.1,10,200,50,False
data1202.vrp,sa,random,True,37,5189.338508121887,6,1150.994096025183,31,4038.3444120967038,77.8200228367498,177.9674735999979,169679,0.75,2,350,0.985,0.001,1000,0.7,0.2,10,200,50,False
data1202.vrp,sa,random,True,37,5189.338508121887,5,1183.9837947310307,32,4005.354713390856,77.18430214413715,202.21678669999892,171291,0.75,2,350,0.985,0.001,1000,0.8,0.1,10,200,50,False
data1202.vrp,sa,random,True,37,5189.338508121887,5,1271.1369991022248,32,3918.201509019662,75.50483559488835,177.55915549999918,164478,0.75,2,350,0.985,0.001,1000,0.8,0.2,10,200,50,False
data1202.vrp,sa,random,True,37,5189.338508121887,5,1180.715382198141,32,4008.6231259237456,77.2472853649807,429.9165248999998,382712,0.75,2,350,0.98,0.001,3000,0.7,0.2,10,200,50,False
data1202.vrp,sa,random,True,37,5189.338508121887,5,1227.5434160861864,32,3961.7950920357002,76.34489609485013,442.10032780000256,385245,0.75,2,350,0.98,0.001,3000,0.8,0.1,10,200,50,False
data1202.vrp,sa,random,True,37,5189.338508121887,6,1202.8109676151262,31,3986.5275405067605,76.82149727306103,420.10245080000095,370439,0.75,2,350,0.98,0.001,3000,0.8,0.2,10,200,50,False
data1202.vrp,sa,random,True,37,5189.338508121887,6,1164.8669468080716,31,4024.471561313815,77.55268913398257,236.5361058999988,263805,0.75,2,350,0.985,0.001,1500,0.7,0.1,10,200,50,False
data1202.vrp,sa,random,True,37,5189.338508121887,5,1222.0282927330934,32,3967.310215388793,76.45117405965163,283.0658732000011,257849,0.75,2,350,0.985,0.001,1500,0.8,0.1,10,200,50,False
data1202.vrp,sa,random,True,37,5189.338508121887,5,1223.7541931241935,32,3965.584314997693,76.4179154778806,311.32644419999997,255749,0.75,2,350,0.985,0.001,1500,0.7,0.2,10,200,50,False
data1202.vrp,sa,random,True,37,5189.338508121887,6,1195.4456708643531,31,3993.8928372575338,76.96342859512154,248.58553930000198,246065,0.75,2,350,0.985,0.001,1500,0.8,0.2,10,200,50,False
data1202.vrp,sa,random,True,37,5189.338508121887,5,1143.8667269178677,32,4045.471781204019,77.95736922677929,348.2153683999968,353047,0.75,2,350,0.985,0.001,2000,0.7,0.1,10,200,50,False
data1202.vrp,sa,random,True,37,5189.338508121887,6,1127.2291465562018,31,4062.1093615656846,78.2779800394219,332.15765290000127,339771,0.75,2,350,0.985,0.001,2000,0.7,0.2,10,200,50,False
data1202.vrp,sa,random,True,37,5189.338508121887,8,3091.617379970894,29,2097.7211281509926,40.42367104916798,48.3889382999987,155344,0.75,2,350,0.99,0.001,1000,0.7,0.1,10,200,50,False
data1202.vrp,sa,random,True,37,5189.338508121887,6,1209.8781102065318,31,3979.460397915355,76.68531146478612,305.6418577000004,339187,0.75,2,350,0.985,0.001,2000,0.8,0.1,10,200,50,False
data1202.vrp,sa,random,True,37,5189.338508121887,6,1215.9512968300407,31,3973.387211291846,76.56827946515837,321.749595199999,329843,0.75,2,350,0.985,0.001,2000,0.8,0.2,10,200,50,False
data1202.vrp,sa,random,True,37,5189.338508121887,8,3310.193364072547,29,1879.1451440493397,36.21165088976698,30.947458499998902,98646,0.75,2,350,0.99,0.001,1500,0.7,0.1,10,200,50,False
data1202.vrp,sa,random,True,37,5189.338508121887,5,1173.3498202094715,32,4015.988687912415,77.38922179824944,394.07681839999714,526441,0.75,2,350,0.985,0.001,3000,0.7,0.1,10,200,50,False
data1202.vrp,sa,random,True,37,5189.338508121887,6,1180.845482176308,31,4008.4930259455787,77.24477830212551,206.87832539999727,255670,0.75,2,350,0.99,0.001,1000,0.7,0.2,10,200,50,False
data1202.vrp,sa,random,True,37,5189.338508121887,6,1247.8140143640521,31,3941.5244937578345,75.95427601396429,202.02649569999994,244103,0.75,2,350,0.99,0.001,1000,0.8,0.2,10,200,50,False
data1202.vrp,sa,random,True,37,5189.338508121887,8,3185.8296587937525,29,2003.5088493281341,38.608174166946746,37.86748920000173,118471,0.75,2,350,0.99,0.001,1500,0.8,0.2,10,200,50,False
data1202.vrp,sa,random,True,37,5189.338508121887,5,1171.2432777210606,32,4018.095230400826,77.42981545937047,264.22146209999846,257410,0.75,2,350,0.99,0.001,1000,0.8,0.1,10,200,50,False
data1202.vrp,sa,random,True,37,5189.338508121887,7,3091.4519792410993,30,2097.8865288807874,40.42685836734998,64.30833029999849,189685,0.75,2,350,0.99,0.001,2000,0.7,0.1,10,200,50,False
data1202.vrp,sa,random,True,37,5189.338508121887,6,1181.0979681449166,31,4008.24053997697,77.2399128271095,475.1103612000006,510448,0.75,2,350,0.985,0.001,3000,0.7,0.2,10,200,50,False
data1202.vrp,sa,random,True,37,5189.338508121887,8,3248.9637458446437,29,1940.374762277243,37.3915627057349,98.03491279999798,310788,0.75,2,350,0.99,0.001,3000,0.7,0.1,10,200,50,False
data1202.vrp,sa,random,True,37,5189.338508121887,5,1179.8275082613004,32,4009.5109998605863,77.26439494331039,580.1335328999994,510956,0.75,2,350,0.985,0.001,3000,0.8,0.1,10,200,50,False
data1202.vrp,sa,random,True,37,5189.338508121887,5,1241.9684328023213,32,3947.3700753195653,76.06692200058825,594.1346119000009,494928,0.75,2,350,0.985,0.001,3000,0.8,0.2,10,200,50,False
data1202.vrp,sa,random,True,37,5189.338508121887,8,3196.9897839589426,29,1992.348724162944,38.39311544322458,68.39305720000266,212871,0.75,2,350,0.99,0.001,3000,0.7,0.2,10,200,50,False
data1202.vrp,sa,random,True,37,5189.338508121887,8,3245.648335427728,29,1943.6901726941587,37.45545158890809,74.55131569999867,235050,0.75,2,350,0.99,0.001,3000,0.8,0.1,10,200,50,False
data1202.vrp,sa,random,True,37,5189.338508121887,5,1177.8154266945844,32,4011.5230814273023,77.30316831613175,417.30747209999754,381895,0.75,2,350,0.99,0.001,1500,0.7,0.2,10,200,50,False
data1202.vrp,sa,random,True,37,5189.338508121887,5,1200.382821748203,32,3988.9556863736834,76.86828832095898,393.4299514000013,386509,0.75,2,350,0.99,0.001,1500,0.8,0.1,10,200,50,False
data1202.vrp,sa,random,True,37,5189.338508121887,6,1177.1899466476245,31,4012.1485614742624,77.3152214910399,421.5534044999986,506245,0.75,2,350,0.99,0.001,2000,0.7,0.2,10,200,50,False
data1202.vrp,sa,random,True,37,5189.338508121887,5,1157.2447280554252,32,4032.0937800664615,77.699571414657,476.2697053999982,514210,0.75,2,350,0.99,0.001,2000,0.8,0.1,10,200,50,False
data1202.vrp,sa,random,True,37,5189.338508121887,5,1240.1698312499982,32,3949.1686768718882,76.1015815540074,488.9520009000007,494286,0.75,2,350,0.99,0.001,2000,0.8,0.2,10,200,50,False
data1202.vrp,sa,random,True,37,5189.338508121887,5,1252.1025138399684,32,3937.2359942819185,75.87163543329675,625.1524902000019,737097,0.75,2,350,0.99,0.001,3000,0.8,0.2,10,200,50,False
